event_id,event_date,label_sub_event_type,label_escalated,fatalities,avg_tone,tone_positive_score,tone_negative_score,tone_polarity,tone_activity_density,tone_self_group_density,tone_word_count,goldstein_trend,quad_class_ratio,volume_mention_spike,volume_right_censored,had_gkg_match,had_events_match,matching_method_version
USA4870,2020-05-30,Violent demonstration,1,0,,,,,,,,,,0,False,False,False,v2_country_theme_filtered+geo_distance_v1
USA5723,2020-05-31,Violent demonstration,1,0,,,,,,,,,,0,False,False,False,v2_country_theme_filtered+geo_distance_v1
USA8169,2020-06-06,Violent demonstration,1,0,-4.085709510846655,2.0234323611783562,6.1091418720250115,8.132574233203362,23.875090173460606,0.9074166747893867,780.12,-1.6399999999999997,0.5,25,True,True,True,v2_country_theme_filtered+geo_distance_v1
USA6015,2020-06-01,Violent demonstration,1,0,,,,,,,,5.033333333333333,1.0,0,True,False,True,v2_country_theme_filtered+geo_distance_v1
USA5578,2020-05-31,Violent demonstration,1,0,,,,,,,,,,0,False,False,False,v2_country_theme_filtered+geo_distance_v1
USA4986,2020-05-30,Violent demonstration,1,0,,,,,,,,,,0,False,False,False,v2_country_theme_filtered+geo_distance_v1
USA4941,2020-05-30,Violent demonstration,1,0,,,,,,,,2.0142857142857142,0.3333333333333333,0,False,False,True,v2_country_theme_filtered+geo_distance_v1
USA5715,2020-05-31,Violent demonstration,1,0,,,,,,,,3.416666666666667,1.0,0,False,False,True,v2_country_theme_filtered+geo_distance_v1
USA14290,2020-10-04,Mob violence,1,0,,,,,,,,,,0,True,False,False,v2_country_theme_filtered+geo_distance_v1
USA5385,2020-05-31,Violent demonstration,1,0,-3.6187974000393552,2.1588721963755777,5.777669596414931,7.93654179279051,24.188084108394904,1.1465886199471287,864.28,-2.1879999999999997,0.3076923076923077,25,True,True,True,v2_country_theme_filtered+geo_distance_v1
USA571,2020-06-14,Peaceful protest,0,0,-2.360054106327894,2.433365653848545,4.793419760176437,7.226785414024983,23.937073569089648,0.7744022735369406,1403.8,-1.5833333333333333,0.8,25,True,True,True,v2_country_theme_filtered+geo_distance_v1
USA205,2020-06-20,Peaceful protest,0,0,-2.9930846216460862,1.687338817647249,4.680423439293334,6.367762256940584,25.766369442323967,0.614337982293038,1099.48,-0.9479999999999997,0.5416666666666666,25,True,True,True,v2_country_theme_filtered+geo_distance_v1
USA390,2020-06-14,Peaceful protest,0,0,,,,,,,,,,0,True,False,False,v2_country_theme_filtered+geo_distance_v1
USA4739,2020-05-29,Violent demonstration,1,0,-1.402197895631412,2.7438746529801232,4.146072548611535,6.889947201591659,22.36505604460925,1.034617491522332,919.6666666666666,1.149,0.375,24,True,True,True,v2_country_theme_filtered+geo_distance_v1
USA1,2020-06-15,Peaceful protest,0,0,-4.216640809119777,2.027335230906699,6.243976040026478,8.271311270933182,23.95841106596703,1.0396677562569643,843.08,,,25,True,True,True,v2_country_theme_filtered+geo_distance_v1
USA687,2020-06-20,Peaceful protest,0,0,,,,,,,,,,0,False,False,True,v2_country_theme_filtered+geo_distance_v1
USA909,2020-06-20,Peaceful protest,0,0,-2.0622690282458174,3.5039647570386454,5.566233785284464,9.070198542323109,24.023417362247848,0.372118992834842,1035.12,-0.3907114624505925,0.3333333333333333,25,True,True,True,v2_country_theme_filtered+geo_distance_v1
USA5741,2020-05-31,Violent demonstration,1,0,-0.6582465624450493,1.2538214987710157,1.9120680612160632,3.16588955998708,16.716927671537743,0.410100167177507,3310.0,0.6699999999999999,,12,False,True,True,v2_country_theme_filtered+geo_distance_v1
USA740,2020-06-27,Peaceful protest,0,0,-9.21985815602837,0.0,9.21985815602837,9.21985815602837,29.0780141843972,0.0,125.0,,,1,False,True,False,v2_country_theme_filtered+geo_distance_v1
USA20585,2020-04-19,Mob violence,1,0,,,,,,,,,,0,False,False,False,v2_country_theme_filtered+geo_distance_v1
USA12007,2020-09-03,Violent demonstration,1,0,-3.8778807361340557,2.0809773698500793,5.958858105984131,8.03983547583421,23.494080549956028,1.8638368344619618,1135.48,0.21599999999999975,0.14285714285714285,25,True,True,True,v2_country_theme_filtered+geo_distance_v1
USA4786,2020-05-29,Violent demonstration,1,0,-5.486636969116027,1.9298243429385897,7.416461312054613,9.346285654993203,24.488906016290407,1.528578224959749,996.84,-2.236666666666667,0.5,25,True,True,True,v2_country_theme_filtered+geo_distance_v1
USA80,2020-06-18,Peaceful protest,0,0,-4.350402532667725,1.4409413468627488,5.791343879530474,7.2322852263932225,20.166013724570963,1.3674227622456299,571.7083333333334,-2.1915204678362574,0.45454545454545453,24,True,True,True,v2_country_theme_filtered+geo_distance_v1
USA4948,2020-05-30,Violent demonstration,1,0,-2.7525529449743247,2.4810283456851034,5.233581290659427,7.71460963634453,25.795425082125508,0.5776734509348385,1607.76,-0.884,0.5,25,True,True,True,v2_country_theme_filtered+geo_distance_v1
USA5096,2020-05-30,Violent demonstration,1,0,-0.4013297809574412,2.7822228828909217,3.1835526638483618,5.965775546739281,21.228453380300085,0.4018126185137103,1134.3333333333333,0.6522727272727271,0.4,6,False,True,True,v2_country_theme_filtered+geo_distance_v1
USA395,2020-06-14,Peaceful protest,0,0,-3.353943412541574,1.6991697766975395,5.053113189239111,6.752282965936649,23.38713015954061,1.3747868965946122,790.44,0.276,0.8571428571428571,25,True,True,True,v2_country_theme_filtered+geo_distance_v1
USA3069,2020-07-23,Violent demonstration,1,0,,,,,,,,,,0,False,False,False,v2_country_theme_filtered+geo_distance_v1
USA5170,2020-05-30,Violent demonstration,1,0,-2.682376997354533,2.7399779670492435,5.422354964403777,8.16233293145302,20.99942169835741,0.6742606450712535,1941.28,4.466666666666667,0.0,25,True,True,True,v2_country_theme_filtered+geo_distance_v1
USA11656,2020-05-31,Violent demonstration,1,0,,,,,,,,,,0,False,False,False,v2_country_theme_filtered+geo_distance_v1
USA16482,2020-10-31,Violent demonstration,1,0,,,,,,,,-1.11,0.8333333333333334,0,False,False,True,v2_country_theme_filtered+geo_distance_v1
USA60,2020-06-19,Peaceful protest,0,0,,,,,,,,,,0,False,False,False,v2_country_theme_filtered+geo_distance_v1
USA217,2020-06-25,Peaceful protest,0,0,,,,,,,,,,0,False,False,False,v2_country_theme_filtered+geo_distance_v1
USA4628,2020-05-28,Violent demonstration,1,0,-1.8907450814636244,2.936718530179793,4.827463611643418,7.764182141823209,23.433504020860898,1.0129066982751984,1003.7916666666666,3.108,0.6923076923076923,24,True,True,True,v2_country_theme_filtered+geo_distance_v1
USA863,2020-06-15,Peaceful protest,0,0,-4.7132730041407,1.8646599995571804,6.57793300369788,8.44259300325506,23.42010726485403,0.9460606124605563,1426.68,1.52,0.7272727272727273,25,True,True,True,v2_country_theme_filtered+geo_distance_v1
USA7207,2020-06-03,Violent demonstration,1,0,,,,,,,,-3.5,,0,True,False,True,v2_country_theme_filtered+geo_distance_v1
USA10993,2020-08-16,Violent demonstration,1,0,,,,,,,,,,0,False,False,False,v2_country_theme_filtered+geo_distance_v1
USA10469,2020-08-16,Violent demonstration,1,0,-2.0749584547016577,2.0355111892603723,4.110469643962029,6.145980833222402,20.806665241403802,0.5603910029589478,1129.24,3.644,0.7272727272727273,25,True,True,True,v2_country_theme_filtered+geo_distance_v1
USA3784,2020-08-02,Violent demonstration,1,0,,,,,,,,,,0,False,False,False,v2_country_theme_filtered+geo_distance_v1
USA1664,2020-07-01,Violent demonstration,1,0,-6.117097306372071,1.349877947455687,7.466975253827761,8.816853201283449,24.52247934024079,0.6394367378085158,662.08,0.020000000000000018,0.6071428571428571,25,True,True,True,v2_country_theme_filtered+geo_distance_v1
USA6138,2020-06-01,Violent demonstration,1,0,,,,,,,,,,0,False,False,False,v2_country_theme_filtered+geo_distance_v1
USA969,2020-06-27,Peaceful protest,0,0,-1.8404005739097016,2.8640127047935913,4.704413278703295,7.568425983496885,20.72974012742081,0.7832604846555425,1024.75,0.9066666666666667,0.6666666666666666,8,False,True,True,v2_country_theme_filtered+geo_distance_v1
USA555,2020-07-02,Peaceful protest,0,0,-2.3038052216219014,2.4006845598467623,4.7044897814686655,7.105174341315429,24.49467115986607,1.5808414549017247,1125.6666666666667,1.0174999999999998,0.2,12,False,True,True,v2_country_theme_filtered+geo_distance_v1
USA391,2020-06-19,Peaceful protest,0,0,-0.423728813559323,4.66101694915254,5.08474576271187,9.74576271186441,20.3389830508475,4.09604519774011,635.0,2.5888888888888886,0.8181818181818182,1,False,True,True,v2_country_theme_filtered+geo_distance_v1
USA20620,2020-04-20,Violent demonstration,1,0,,,,,,,,,,0,False,False,False,v2_country_theme_filtered+geo_distance_v1
USA648,2020-06-27,Peaceful protest,0,0,-1.0377358490566,3.77358490566038,4.81132075471698,8.58490566037736,24.0566037735849,1.69811320754717,991.0,,,4,False,True,False,v2_country_theme_filtered+geo_distance_v1
USA5354,2020-05-31,Violent demonstration,1,0,-4.045964455691018,2.0013726804367984,6.047337136127815,8.048709816564617,24.631064704558824,0.8583088034288744,934.28,-2.9520000000000004,1.0,25,True,True,True,v2_country_theme_filtered+geo_distance_v1
USA6474,2020-06-02,Violent demonstration,1,0,-8.400409399044957,0.6228213963775182,9.023230795422478,9.646052191799992,24.307258801985522,0.3652133190940938,819.32,6.256,0.5625,25,True,True,True,v2_country_theme_filtered+geo_distance_v1
USA18953,2020-11-30,Violent demonstration,1,0,-3.7808644319372395,1.4729505492337278,5.253814981170969,6.726765530404695,19.918422696816066,0.32406468803671085,1216.84,2.564,0.5,25,True,True,True,v2_country_theme_filtered+geo_distance_v1
USA938,2020-06-20,Peaceful protest,0,0,-4.2869979845697,2.268396196872496,6.555394181442194,8.82379037831469,25.10295589691853,0.7458988096791281,1263.2,-1.376,0.4444444444444444,25,True,True,True,v2_country_theme_filtered+geo_distance_v1
USA5572,2020-05-31,Violent demonstration,1,0,-1.7032277220334264,2.459602010015109,4.162829732048534,6.622431742063644,19.697281553113044,0.26085698988047623,649.16,-3.1479999999999997,0.8333333333333334,25,True,True,True,v2_country_theme_filtered+geo_distance_v1
USA4887,2020-05-30,Violent demonstration,1,0,-1.8344379348421078,2.8303230688532413,4.664761003695349,7.4950840725485905,22.7859538651664,0.983300984660103,1362.125,1.1840000000000002,0.7222222222222222,24,True,True,True,v2_country_theme_filtered+geo_distance_v1
USA6471,2020-06-02,Violent demonstration,1,0,-3.9223710688113225,1.8708931225060275,5.793264191317349,7.664157313823376,22.23572222171106,0.769464684943545,3020.36,-3.52,0.4166666666666667,25,True,True,True,v2_country_theme_filtered+geo_distance_v1
USA864,2020-06-15,Peaceful protest,0,0,-5.791839258973114,1.6801367282629232,7.471975987236036,9.152112715498967,23.317733194678663,0.44550426189991993,825.0416666666666,4.133333333333334,0.6666666666666666,24,True,True,True,v2_country_theme_filtered+geo_distance_v1
USA384,2020-06-19,Peaceful protest,0,0,-1.7791094297855015,2.41068381686736,4.18979324665286,6.600477063520219,24.982087098412542,1.5908371720921715,1230.6,-2.460869565217391,0.4444444444444444,5,False,True,True,v2_country_theme_filtered+geo_distance_v1
USA5709,2020-05-31,Violent demonstration,1,0,-5.568542923990484,1.63115687677823,7.199699800768713,8.830856677546947,23.80951514646537,1.7544287330639168,2208.0,-0.1988888888888889,0.5,3,True,True,True,v2_country_theme_filtered+geo_distance_v1
USA452,2020-06-14,Peaceful protest,0,0,-4.439977873007882,2.4122402786374564,6.852218151645336,9.264458430282797,22.989066451281776,0.511563916476961,866.5,1.656,0.375,20,True,True,True,v2_country_theme_filtered+geo_distance_v1
USA793,2020-06-15,Peaceful protest,0,0,-4.122552150446033,1.9802105785925215,6.102762729038553,8.082973307631072,22.83484625850331,0.7488204264541504,1213.68,0.5938735177865612,0.5,25,True,True,True,v2_country_theme_filtered+geo_distance_v1
USA5485,2020-05-31,Violent demonstration,1,0,-4.367969065907795,2.1347128348434006,6.5026819007512,8.637394735594595,22.956382618869956,0.7889868959690609,2659.5454545454545,1.6640000000000001,0.4444444444444444,11,False,True,True,v2_country_theme_filtered+geo_distance_v1
USA6144,2020-06-01,Violent demonstration,1,0,,,,,,,,-2.4,0.3333333333333333,0,False,False,True,v2_country_theme_filtered+geo_distance_v1
USA20408,2020-04-08,Mob violence,1,0,-6.051417579048212,1.771728142416698,7.823145721464905,9.594873863881602,20.719418595575156,0.728517172491707,899.4285714285714,-3.5733333333333333,0.8333333333333334,14,True,True,True,v2_country_theme_filtered+geo_distance_v1
USA6089,2020-06-01,Violent demonstration,1,0,-2.210785930415938,2.5891175580383323,4.799903488454269,7.389021046492603,23.097128129553628,0.893690143036609,1555.1739130434783,-1.3593333333333335,0.5,23,False,True,True,v2_country_theme_filtered+geo_distance_v1
USA427,2020-07-04,Peaceful protest,0,0,-6.1615101956298615,1.9231540540696994,8.084664249699562,10.007818303769254,24.51625804675662,0.3342426674106986,422.68,1.7200000000000004,0.7272727272727273,25,True,True,True,v2_country_theme_filtered+geo_distance_v1
USA4487,2020-08-14,Violent demonstration,1,0,,,,,,,,,,0,False,False,False,v2_country_theme_filtered+geo_distance_v1
USA20422,2020-04-09,Violent demonstration,1,0,-3.378131069171264,2.527375820571404,5.905506889742668,8.432882710314068,24.426445197881296,1.954178942430699,1175.7826086956522,-1.3570512820512821,0.6666666666666666,23,True,True,True,v2_country_theme_filtered+geo_distance_v1
USA949,2020-06-17,Peaceful protest,0,0,-2.708934961515876,2.2152479139745775,4.924182875490452,7.139430789465031,22.3542309884191,0.5003222491351336,1241.72,-0.7520000000000001,0.7333333333333333,25,True,True,True,v2_country_theme_filtered+geo_distance_v1
USA5040,2020-05-30,Violent demonstration,1,0,-1.929726386928024,2.1982945384953596,4.128020925423386,6.326315463918742,22.25828453756926,0.8760380987320083,768.4,-1.855555555555556,0.0,5,False,True,True,v2_country_theme_filtered+geo_distance_v1
USA6021,2020-06-01,Violent demonstration,1,0,,,,,,,,,,0,True,False,False,v2_country_theme_filtered+geo_distance_v1
USA11382,2020-08-26,Violent demonstration,1,0,-4.778053675506383,1.6214023792085603,6.399456054714944,8.020858433923506,23.31840281596706,0.791892271167804,506.4,1.848,0.5454545454545454,25,True,True,True,v2_country_theme_filtered+geo_distance_v1
USA3702,2020-08-01,Mob violence,1,0,-2.11421098517873,2.11421098517873,4.22842197035745,6.34263295553618,22.4062772449869,0.632083696599826,4278.0,,,1,False,True,False,v2_country_theme_filtered+geo_distance_v1
USA823,2020-06-19,Peaceful protest,0,0,-3.6448672688042887,2.0534608475322473,5.698328116336537,7.751788963868783,23.90816846234462,1.201266527894714,3156.6,-0.2250000000000001,0.15789473684210525,25,True,True,True,v2_country_theme_filtered+geo_distance_v1
USA908,2020-06-20,Peaceful protest,0,0,-0.1240088213226767,3.231603585620363,3.355612406943038,6.5872159925634,20.635648938444234,0.6246186685878944,875.5,-1.0461538461538462,0.3333333333333333,6,False,True,True,v2_country_theme_filtered+geo_distance_v1
USA5479,2020-05-31,Violent demonstration,1,0,,,,,,,,,,0,False,False,False,v2_country_theme_filtered+geo_distance_v1
USA219,2020-06-27,Peaceful protest,0,0,-2.285683436857515,1.8680502445831233,4.153733681440637,6.021783926023762,22.346758128536,1.380245094236902,1001.4,0.9923684210526315,0.7333333333333333,15,True,True,True,v2_country_theme_filtered+geo_distance_v1
USA845,2020-06-26,Peaceful protest,0,0,1.3585543969676301,3.059627472302065,1.70107307533444,4.76070054763651,23.06950403632555,0.961033231898351,838.5,,,2,False,True,True,v2_country_theme_filtered+geo_distance_v1
USA892,2020-06-20,Peaceful protest,0,0,-4.54993826852913,2.449037688660988,6.998975957190117,9.448013645851105,21.20375814550911,1.1427834576770746,311.68,0.1608695652173913,0.2,25,True,True,True,v2_country_theme_filtered+geo_distance_v1
USA8468,2020-06-06,Violent demonstration,1,0,,,,,,,,,,0,False,False,False,v2_country_theme_filtered+geo_distance_v1
USA917,2020-06-20,Peaceful protest,0,0,,,,,,,,,,0,False,False,False,v2_country_theme_filtered+geo_distance_v1
USA36,2020-06-14,Peaceful protest,0,0,-3.8581903254257464,2.5111856174633123,6.369375942889059,8.880561560352373,23.172470614294635,1.07225597150185,755.12,-0.6240000000000001,0.38461538461538464,25,True,True,True,v2_country_theme_filtered+geo_distance_v1
USA624,2020-06-18,Peaceful protest,0,0,-2.717270632912033,2.1891497831421565,4.90642041605419,7.095570199196349,23.879560087845622,1.301579258845757,1059.92,-1.7159999999999997,0.2222222222222222,25,True,True,True,v2_country_theme_filtered+geo_distance_v1
USA3247,2020-07-13,Mob violence,1,0,-5.190676797328291,1.836707401522431,7.0273841988507195,8.86409160037315,23.03151403752924,1.2826563106531552,1122.28,0.48799999999999977,0.5714285714285714,25,True,True,True,v2_country_theme_filtered+geo_distance_v1
USA5015,2020-05-30,Violent demonstration,1,0,-0.6268249587574757,2.530826831807523,3.1576517905649992,5.688478622372517,25.14613512560462,1.3585942482173206,1415.84,0.9880000000000001,0.35714285714285715,25,True,True,True,v2_country_theme_filtered+geo_distance_v1
USA986,2020-06-20,Peaceful protest,0,0,-2.163938794998776,2.288046681734966,4.45198547673375,6.740032158468717,25.3378435124323,0.4882843120799758,953.0,1.9958333333333331,0.8,5,False,True,True,v2_country_theme_filtered+geo_distance_v1
USA1004,2020-06-29,Peaceful protest,0,0,,,,,,,,,,0,False,False,False,v2_country_theme_filtered+geo_distance_v1
USA5416,2020-05-31,Violent demonstration,1,0,-5.489342507146665,2.027559483049095,7.51690199019576,9.544461473244855,23.42705514070495,1.7171009010771652,1279.5,1.0,0.5,2,True,True,True,v2_country_theme_filtered+geo_distance_v1
USA19998,2020-12-31,Violent demonstration,1,0,-2.6290497491697806,2.4332187429320404,5.062268492101822,7.495487235033861,22.196756302042072,0.38921597410796155,1518.76,0.4920000000000001,0.2857142857142857,25,True,True,True,v2_country_theme_filtered+geo_distance_v1
USA940,2020-06-19,Peaceful protest,0,0,-1.3044518496372932,2.7720094101492703,4.076461259786564,6.848470669935838,22.91600076522594,1.2994656358649015,780.16,2.104,0.6153846153846154,25,True,True,True,v2_country_theme_filtered+geo_distance_v1
USA11385,2020-08-26,Violent demonstration,1,0,-1.7233266350568228,2.7153220670604687,4.438648702117292,7.153970769177763,21.6731728491915,1.7125093658928696,1065.0454545454545,-0.1536363636363638,0.6666666666666666,22,True,True,True,v2_country_theme_filtered+geo_distance_v1
USA6540,2020-06-02,Violent demonstration,1,0,,,,,,,,,1.0,0,False,False,True,v2_country_theme_filtered+geo_distance_v1
USA67,2020-06-14,Peaceful protest,0,0,-3.3301290300159154,2.3599656178416395,5.6900946478575545,8.050060265699198,22.37029780985737,0.5835459338333169,1599.8,2.952,0.6111111111111112,25,True,True,True,v2_country_theme_filtered+geo_distance_v1
USA997,2020-06-19,Peaceful protest,0,0,0.0,1.71945701357466,1.71945701357466,3.43891402714932,16.289592760181,0.361990950226244,773.0,,,1,False,True,True,v2_country_theme_filtered+geo_distance_v1
USA670,2020-06-20,Peaceful protest,0,0,,,,,,,,,,0,False,False,False,v2_country_theme_filtered+geo_distance_v1
USA522,2020-06-20,Peaceful protest,0,0,,,,,,,,,,0,False,False,False,v2_country_theme_filtered+geo_distance_v1
USA10390,2020-05-31,Violent demonstration,1,0,-3.468299930085601,1.748829593072494,5.2171295231580945,6.9659591162305885,22.0432813430284,1.0085992030694162,1862.9583333333333,3.088,0.23076923076923078,24,False,True,True,v2_country_theme_filtered+geo_distance_v1
USA6465,2020-06-02,Violent demonstration,1,0,,,,,,,,-2.4,0.3333333333333333,0,False,False,True,v2_country_theme_filtered+geo_distance_v1
USA524,2020-06-14,Peaceful protest,0,0,,,,,,,,,,0,False,False,False,v2_country_theme_filtered+geo_distance_v1
USA6625,2020-06-02,Violent demonstration,1,0,-11.039115704241448,1.0377570778338783,12.076872782075332,13.114629859909206,17.67764630295989,0.3691283002543808,952.0,1.192,0.6666666666666666,10,False,True,True,v2_country_theme_filtered+geo_distance_v1
USA4697,2020-05-29,Violent demonstration,1,0,-4.577107580406417,1.8717106268742398,6.448818207280656,8.32052883415489,23.258293508210144,1.0838270689812692,720.08,2.412,0.6521739130434783,25,True,True,True,v2_country_theme_filtered+geo_distance_v1
USA4905,2020-05-30,Violent demonstration,1,0,-4.926221673221703,1.0625611673264992,5.988782840548201,7.05134400787471,23.7160324661767,0.806173500257906,579.6666666666666,1.2478260869565216,0.8260869565217391,12,False,True,True,v2_country_theme_filtered+geo_distance_v1
USA5967,2020-06-01,Violent demonstration,1,0,-3.759893795794155,3.0266825752165802,6.786576371010753,9.813258946227322,21.22896201343375,0.5300373879223418,347.75,-0.7839999999999998,0.4375,4,False,True,True,v2_country_theme_filtered+geo_distance_v1
USA946,2020-06-16,Peaceful protest,0,0,-5.486113123819987,1.713465549507485,7.199578673327464,8.91304422283495,22.87175775089779,1.6002445122388502,1263.3333333333333,1.4500000000000002,,9,False,True,True,v2_country_theme_filtered+geo_distance_v1
