event_id,event_date,year,in_sequence,label_sub_event_type,label_escalated,fatalities,avg_tone,tone_positive_score,tone_negative_score,tone_polarity,tone_activity_density,tone_self_group_density,tone_word_count,goldstein_trend,quad_class_ratio,volume_mention_spike,volume_right_censored,had_gkg_match,had_events_match,matching_method_version
USA4870,2020-05-30,2020,False,Violent demonstration,1,0,,,,,,,,,,0,False,False,False,v3_sequence_anchored_geo_distance
USA5723,2020-05-31,2020,False,Violent demonstration,1,0,,,,,,,,,,0,False,False,False,v3_sequence_anchored_geo_distance
USA8169,2020-06-06,2020,True,Violent demonstration,1,0,-3.22498552605628,1.40381348653446,4.62879901259074,6.0326124991252,24.0900501975455,3.2959237557180003,357.5,,,2,True,True,False,v3_sequence_anchored_geo_distance
USA6015,2020-06-01,2020,False,Violent demonstration,1,0,,,,,,,,5.033333333333333,1.0,0,True,False,True,v3_sequence_anchored_geo_distance
USA5578,2020-05-31,2020,False,Violent demonstration,1,0,,,,,,,,,,0,False,False,False,v3_sequence_anchored_geo_distance
USA4986,2020-05-30,2020,False,Violent demonstration,1,0,,,,,,,,,,0,False,False,False,v3_sequence_anchored_geo_distance
USA4941,2020-05-30,2020,False,Violent demonstration,1,0,,,,,,,,2.0142857142857142,0.3333333333333333,0,False,False,True,v3_sequence_anchored_geo_distance
USA5715,2020-05-31,2020,False,Violent demonstration,1,0,,,,,,,,3.416666666666667,1.0,0,False,False,True,v3_sequence_anchored_geo_distance
USA14290,2020-10-04,2020,False,Mob violence,1,0,,,,,,,,,,0,True,False,False,v3_sequence_anchored_geo_distance
USA5385,2020-05-31,2020,False,Violent demonstration,1,0,-3.6187974000393552,2.1588721963755777,5.777669596414931,7.93654179279051,24.188084108394904,1.1465886199471287,864.28,-2.1879999999999997,0.3076923076923077,25,True,True,True,v3_sequence_anchored_geo_distance
USA571,2020-06-14,2020,False,Peaceful protest,0,0,-2.360054106327894,2.433365653848545,4.793419760176437,7.226785414024983,23.937073569089648,0.7744022735369406,1403.8,-1.5833333333333333,0.8,25,True,True,True,v3_sequence_anchored_geo_distance
USA205,2020-06-20,2020,False,Peaceful protest,0,0,-2.9930846216460862,1.687338817647249,4.680423439293334,6.367762256940584,25.766369442323967,0.614337982293038,1099.48,-0.9479999999999997,0.5416666666666666,25,True,True,True,v3_sequence_anchored_geo_distance
USA390,2020-06-14,2020,False,Peaceful protest,0,0,,,,,,,,,,0,True,False,True,v3_sequence_anchored_geo_distance
USA4739,2020-05-29,2020,False,Violent demonstration,1,0,-1.402197895631412,2.7438746529801232,4.146072548611535,6.889947201591659,22.36505604460925,1.034617491522332,919.6666666666666,1.149,0.375,24,True,True,True,v3_sequence_anchored_geo_distance
USA1,2020-06-15,2020,False,Peaceful protest,0,0,-4.216640809119777,2.027335230906699,6.243976040026478,8.271311270933182,23.95841106596703,1.0396677562569643,843.08,,,25,True,True,True,v3_sequence_anchored_geo_distance
USA687,2020-06-20,2020,False,Peaceful protest,0,0,,,,,,,,,,0,False,False,True,v3_sequence_anchored_geo_distance
USA909,2020-06-20,2020,False,Peaceful protest,0,0,-2.0622690282458174,3.5039647570386454,5.566233785284464,9.070198542323109,24.023417362247848,0.372118992834842,1035.12,-0.3907114624505925,0.3333333333333333,25,True,True,True,v3_sequence_anchored_geo_distance
USA5741,2020-05-31,2020,False,Violent demonstration,1,0,-0.6582465624450493,1.2538214987710157,1.9120680612160632,3.16588955998708,16.716927671537743,0.410100167177507,3310.0,0.6699999999999999,,12,False,True,True,v3_sequence_anchored_geo_distance
USA740,2020-06-27,2020,False,Peaceful protest,0,0,-9.21985815602837,0.0,9.21985815602837,9.21985815602837,29.0780141843972,0.0,125.0,,,1,False,True,False,v3_sequence_anchored_geo_distance
USA20585,2020-04-19,2020,False,Mob violence,1,0,,,,,,,,,,0,False,False,False,v3_sequence_anchored_geo_distance
USA12007,2020-09-03,2020,False,Violent demonstration,1,0,-3.8778807361340557,2.0809773698500793,5.958858105984131,8.03983547583421,23.494080549956028,1.8638368344619618,1135.48,0.21599999999999975,0.14285714285714285,25,True,True,True,v3_sequence_anchored_geo_distance
USA4786,2020-05-29,2020,False,Violent demonstration,1,0,-5.486636969116027,1.9298243429385897,7.416461312054613,9.346285654993203,24.488906016290407,1.528578224959749,996.84,-2.236666666666667,0.5,25,True,True,True,v3_sequence_anchored_geo_distance
USA80,2020-06-18,2020,False,Peaceful protest,0,0,-4.350402532667725,1.4409413468627488,5.791343879530474,7.2322852263932225,20.166013724570963,1.3674227622456299,571.7083333333334,-2.1915204678362574,0.45454545454545453,24,True,True,True,v3_sequence_anchored_geo_distance
USA4948,2020-05-30,2020,False,Violent demonstration,1,0,-2.7525529449743247,2.4810283456851034,5.233581290659427,7.71460963634453,25.795425082125508,0.5776734509348385,1607.76,-0.884,0.5,25,True,True,True,v3_sequence_anchored_geo_distance
USA5096,2020-05-30,2020,False,Violent demonstration,1,0,-0.4013297809574412,2.7822228828909217,3.1835526638483618,5.965775546739281,21.228453380300085,0.4018126185137103,1134.3333333333333,0.6522727272727271,0.4,6,False,True,True,v3_sequence_anchored_geo_distance
USA395,2020-06-14,2020,False,Peaceful protest,0,0,-3.353943412541574,1.6991697766975395,5.053113189239111,6.752282965936649,23.38713015954061,1.3747868965946122,790.44,0.276,0.8571428571428571,25,True,True,True,v3_sequence_anchored_geo_distance
USA3069,2020-07-23,2020,False,Violent demonstration,1,0,,,,,,,,,,0,False,False,False,v3_sequence_anchored_geo_distance
USA5170,2020-05-30,2020,False,Violent demonstration,1,0,-2.682376997354533,2.7399779670492435,5.422354964403777,8.16233293145302,20.99942169835741,0.6742606450712535,1941.28,4.466666666666667,0.0,25,True,True,True,v3_sequence_anchored_geo_distance
USA11656,2020-05-31,2020,False,Violent demonstration,1,0,,,,,,,,,,0,False,False,False,v3_sequence_anchored_geo_distance
USA16482,2020-10-31,2020,False,Violent demonstration,1,0,,,,,,,,-1.11,0.8333333333333334,0,False,False,True,v3_sequence_anchored_geo_distance
USA60,2020-06-19,2020,False,Peaceful protest,0,0,,,,,,,,,,0,False,False,False,v3_sequence_anchored_geo_distance
USA217,2020-06-25,2020,False,Peaceful protest,0,0,,,,,,,,,,0,False,False,False,v3_sequence_anchored_geo_distance
USA4628,2020-05-28,2020,False,Violent demonstration,1,0,-1.8907450814636244,2.936718530179793,4.827463611643418,7.764182141823209,23.433504020860898,1.0129066982751984,1003.7916666666666,3.108,0.6923076923076923,24,True,True,True,v3_sequence_anchored_geo_distance
USA863,2020-06-15,2020,True,Peaceful protest,0,0,-4.614146145395435,1.821842963518333,6.435989108913768,8.257832072432098,23.406870608013634,0.8731945280507454,1203.85,1.2810000000000001,0.7272727272727273,20,True,True,True,v3_sequence_anchored_geo_distance
USA7207,2020-06-03,2020,False,Violent demonstration,1,0,,,,,,,,-3.5,,0,True,False,True,v3_sequence_anchored_geo_distance
USA10993,2020-08-16,2020,True,Violent demonstration,1,0,,,,,,,,,,0,False,False,False,v3_sequence_anchored_geo_distance
USA10469,2020-08-16,2020,False,Violent demonstration,1,0,-2.0749584547016577,2.0355111892603723,4.110469643962029,6.145980833222402,20.806665241403802,0.5603910029589478,1129.24,3.644,0.7272727272727273,25,True,True,True,v3_sequence_anchored_geo_distance
USA3784,2020-08-02,2020,False,Violent demonstration,1,0,,,,,,,,,,0,False,False,False,v3_sequence_anchored_geo_distance
USA1664,2020-07-01,2020,False,Violent demonstration,1,0,-6.117097306372071,1.349877947455687,7.466975253827761,8.816853201283449,24.52247934024079,0.6394367378085158,662.08,0.020000000000000018,0.6071428571428571,25,True,True,True,v3_sequence_anchored_geo_distance
USA6138,2020-06-01,2020,False,Violent demonstration,1,0,,,,,,,,,,0,False,False,False,v3_sequence_anchored_geo_distance
USA969,2020-06-27,2020,True,Peaceful protest,0,0,-1.8404005739097016,2.8640127047935913,4.704413278703295,7.568425983496885,20.72974012742081,0.7832604846555425,1024.75,1.2571428571428571,0.6363636363636364,8,False,True,True,v3_sequence_anchored_geo_distance
USA555,2020-07-02,2020,False,Peaceful protest,0,0,-2.3038052216219014,2.4006845598467623,4.7044897814686655,7.105174341315429,24.49467115986607,1.5808414549017247,1125.6666666666667,1.0174999999999998,0.2,12,False,True,True,v3_sequence_anchored_geo_distance
USA391,2020-06-19,2020,False,Peaceful protest,0,0,-0.423728813559323,4.66101694915254,5.08474576271187,9.74576271186441,20.3389830508475,4.09604519774011,635.0,2.5888888888888886,0.8181818181818182,1,False,True,True,v3_sequence_anchored_geo_distance
USA20620,2020-04-20,2020,False,Violent demonstration,1,0,,,,,,,,,,0,False,False,False,v3_sequence_anchored_geo_distance
USA648,2020-06-27,2020,False,Peaceful protest,0,0,-1.0377358490566,3.77358490566038,4.81132075471698,8.58490566037736,24.0566037735849,1.69811320754717,991.0,,,4,False,True,False,v3_sequence_anchored_geo_distance
USA5354,2020-05-31,2020,False,Violent demonstration,1,0,-4.045964455691018,2.0013726804367984,6.047337136127815,8.048709816564617,24.631064704558824,0.8583088034288744,934.28,-2.9520000000000004,1.0,25,True,True,True,v3_sequence_anchored_geo_distance
USA6474,2020-06-02,2020,True,Violent demonstration,1,0,-5.88235294117647,1.3840830449827,7.26643598615917,8.65051903114187,25.2595155709343,0.346020761245675,516.0,5.759150326797386,0.6428571428571429,1,True,True,True,v3_sequence_anchored_geo_distance
USA18953,2020-11-30,2020,False,Violent demonstration,1,0,-3.7808644319372395,1.4729505492337278,5.253814981170969,6.726765530404695,19.918422696816066,0.32406468803671085,1216.84,2.564,0.5,25,True,True,True,v3_sequence_anchored_geo_distance
USA938,2020-06-20,2020,True,Peaceful protest,0,0,-4.2869979845697,2.268396196872496,6.555394181442194,8.82379037831469,25.10295589691853,0.7458988096791281,1263.2,0.0,,25,True,True,True,v3_sequence_anchored_geo_distance
USA5572,2020-05-31,2020,False,Violent demonstration,1,0,-1.7032277220334264,2.459602010015109,4.162829732048534,6.622431742063644,19.697281553113044,0.26085698988047623,649.16,-3.1479999999999997,0.8333333333333334,25,True,True,True,v3_sequence_anchored_geo_distance
USA4887,2020-05-30,2020,True,Violent demonstration,1,0,-1.559586176844185,2.922544947579207,4.482131124423392,7.4046760720026,22.9183886976225,1.0054961040465995,1386.2608695652175,-2.125,0.7142857142857143,23,True,True,True,v3_sequence_anchored_geo_distance
USA6471,2020-06-02,2020,True,Violent demonstration,1,0,-3.493407756846504,1.8912859609478798,5.384693717794383,7.275979678742261,21.981103895333717,0.8185313220331463,3251.521739130435,-3.52,0.4166666666666667,23,True,True,True,v3_sequence_anchored_geo_distance
USA864,2020-06-15,2020,False,Peaceful protest,0,0,-5.791839258973114,1.6801367282629232,7.471975987236036,9.152112715498967,23.317733194678663,0.44550426189991993,825.0416666666666,4.133333333333334,0.6666666666666666,24,True,True,True,v3_sequence_anchored_geo_distance
USA384,2020-06-19,2020,True,Peaceful protest,0,0,-3.4526607797048072,2.4060309594900797,5.858691739194885,8.264722698684965,26.28083772737865,1.63087902081613,883.5,2.8957894736842107,0.5714285714285714,2,False,True,True,v3_sequence_anchored_geo_distance
USA5709,2020-05-31,2020,False,Violent demonstration,1,0,-5.568542923990484,1.63115687677823,7.199699800768713,8.830856677546947,23.80951514646537,1.7544287330639168,2208.0,-0.1988888888888889,0.5,3,True,True,True,v3_sequence_anchored_geo_distance
USA452,2020-06-14,2020,False,Peaceful protest,0,0,-4.439977873007882,2.4122402786374564,6.852218151645336,9.264458430282797,22.989066451281776,0.511563916476961,866.5,1.656,0.375,20,True,True,True,v3_sequence_anchored_geo_distance
USA793,2020-06-15,2020,False,Peaceful protest,0,0,-4.122552150446033,1.9802105785925215,6.102762729038553,8.082973307631072,22.83484625850331,0.7488204264541504,1213.68,0.5938735177865612,0.5,25,True,True,True,v3_sequence_anchored_geo_distance
USA5485,2020-05-31,2020,False,Violent demonstration,1,0,-4.367969065907795,2.1347128348434006,6.5026819007512,8.637394735594595,22.956382618869956,0.7889868959690609,2659.5454545454545,1.6640000000000001,0.4444444444444444,11,False,True,True,v3_sequence_anchored_geo_distance
USA6144,2020-06-01,2020,True,Violent demonstration,1,0,,,,,,,,,,0,False,False,False,v3_sequence_anchored_geo_distance
USA20408,2020-04-08,2020,False,Mob violence,1,0,-6.051417579048212,1.771728142416698,7.823145721464905,9.594873863881602,20.719418595575156,0.728517172491707,899.4285714285714,-3.5733333333333333,0.8333333333333334,14,True,True,True,v3_sequence_anchored_geo_distance
USA6089,2020-06-01,2020,False,Violent demonstration,1,0,-2.210785930415938,2.5891175580383323,4.799903488454269,7.389021046492603,23.097128129553628,0.893690143036609,1555.1739130434783,-1.3593333333333335,0.5,23,False,True,True,v3_sequence_anchored_geo_distance
USA427,2020-07-04,2020,True,Peaceful protest,0,0,-6.1615101956298615,1.9231540540696994,8.084664249699562,10.007818303769254,24.51625804675662,0.3342426674106986,422.68,,1.0,25,True,True,True,v3_sequence_anchored_geo_distance
USA4487,2020-08-14,2020,False,Violent demonstration,1,0,,,,,,,,,,0,False,False,False,v3_sequence_anchored_geo_distance
USA20422,2020-04-09,2020,False,Violent demonstration,1,0,-3.378131069171264,2.527375820571404,5.905506889742668,8.432882710314068,24.426445197881296,1.954178942430699,1175.7826086956522,-1.3570512820512821,0.6666666666666666,23,True,True,True,v3_sequence_anchored_geo_distance
USA949,2020-06-17,2020,True,Peaceful protest,0,0,-2.708934961515876,2.2152479139745775,4.924182875490452,7.139430789465031,22.3542309884191,0.5003222491351336,1241.72,-0.7520000000000001,0.7333333333333333,25,True,True,True,v3_sequence_anchored_geo_distance
USA5040,2020-05-30,2020,False,Violent demonstration,1,0,-1.929726386928024,2.1982945384953596,4.128020925423386,6.326315463918742,22.25828453756926,0.8760380987320083,768.4,-1.855555555555556,0.0,5,False,True,True,v3_sequence_anchored_geo_distance
USA6021,2020-06-01,2020,False,Violent demonstration,1,0,,,,,,,,,,0,True,False,False,v3_sequence_anchored_geo_distance
USA11382,2020-08-26,2020,False,Violent demonstration,1,0,-4.778053675506383,1.6214023792085603,6.399456054714944,8.020858433923506,23.31840281596706,0.791892271167804,506.4,1.848,0.5454545454545454,25,True,True,True,v3_sequence_anchored_geo_distance
USA3702,2020-08-01,2020,False,Mob violence,1,0,-2.11421098517873,2.11421098517873,4.22842197035745,6.34263295553618,22.4062772449869,0.632083696599826,4278.0,,,1,False,True,False,v3_sequence_anchored_geo_distance
USA823,2020-06-19,2020,False,Peaceful protest,0,0,-3.6448672688042887,2.0534608475322473,5.698328116336537,7.751788963868783,23.90816846234462,1.201266527894714,3156.6,-0.2250000000000001,0.15789473684210525,25,True,True,True,v3_sequence_anchored_geo_distance
USA908,2020-06-20,2020,False,Peaceful protest,0,0,-0.1240088213226767,3.231603585620363,3.355612406943038,6.5872159925634,20.635648938444234,0.6246186685878944,875.5,-1.0461538461538462,0.3333333333333333,6,False,True,True,v3_sequence_anchored_geo_distance
USA5479,2020-05-31,2020,False,Violent demonstration,1,0,,,,,,,,,,0,False,False,False,v3_sequence_anchored_geo_distance
USA219,2020-06-27,2020,False,Peaceful protest,0,0,-2.285683436857515,1.8680502445831233,4.153733681440637,6.021783926023762,22.346758128536,1.380245094236902,1001.4,0.9923684210526315,0.7333333333333333,15,True,True,True,v3_sequence_anchored_geo_distance
USA845,2020-06-26,2020,False,Peaceful protest,0,0,1.3585543969676301,3.059627472302065,1.70107307533444,4.76070054763651,23.06950403632555,0.961033231898351,838.5,,,2,False,True,True,v3_sequence_anchored_geo_distance
USA892,2020-06-20,2020,False,Peaceful protest,0,0,-4.54993826852913,2.449037688660988,6.998975957190117,9.448013645851105,21.20375814550911,1.1427834576770746,311.68,0.1608695652173913,0.2,25,True,True,True,v3_sequence_anchored_geo_distance
USA8468,2020-06-06,2020,False,Violent demonstration,1,0,,,,,,,,,,0,False,False,False,v3_sequence_anchored_geo_distance
USA917,2020-06-20,2020,False,Peaceful protest,0,0,,,,,,,,,,0,False,False,False,v3_sequence_anchored_geo_distance
USA36,2020-06-14,2020,False,Peaceful protest,0,0,-3.8581903254257464,2.5111856174633123,6.369375942889059,8.880561560352373,23.172470614294635,1.07225597150185,755.12,-0.6240000000000001,0.38461538461538464,25,True,True,True,v3_sequence_anchored_geo_distance
USA624,2020-06-18,2020,False,Peaceful protest,0,0,-2.717270632912033,2.1891497831421565,4.90642041605419,7.095570199196349,23.879560087845622,1.301579258845757,1059.92,-1.7159999999999997,0.2222222222222222,25,True,True,True,v3_sequence_anchored_geo_distance
USA3247,2020-07-13,2020,False,Mob violence,1,0,-5.190676797328291,1.836707401522431,7.0273841988507195,8.86409160037315,23.03151403752924,1.2826563106531552,1122.28,0.48799999999999977,0.5714285714285714,25,True,True,True,v3_sequence_anchored_geo_distance
USA5015,2020-05-30,2020,False,Violent demonstration,1,0,-0.6268249587574757,2.530826831807523,3.1576517905649992,5.688478622372517,25.14613512560462,1.3585942482173206,1415.84,0.9880000000000001,0.35714285714285715,25,True,True,True,v3_sequence_anchored_geo_distance
USA986,2020-06-20,2020,True,Peaceful protest,0,0,-2.163938794998776,2.288046681734966,4.45198547673375,6.740032158468717,25.3378435124323,0.4882843120799758,953.0,2.359090909090909,0.8,5,False,True,True,v3_sequence_anchored_geo_distance
USA1004,2020-06-29,2020,False,Peaceful protest,0,0,,,,,,,,,,0,False,False,False,v3_sequence_anchored_geo_distance
USA5416,2020-05-31,2020,False,Violent demonstration,1,0,-5.489342507146665,2.027559483049095,7.51690199019576,9.544461473244855,23.42705514070495,1.7171009010771652,1279.5,1.0,0.5,2,True,True,True,v3_sequence_anchored_geo_distance
USA19998,2020-12-31,2020,False,Violent demonstration,1,0,-2.6290497491697806,2.4332187429320404,5.062268492101822,7.495487235033861,22.196756302042072,0.38921597410796155,1518.76,0.4920000000000001,0.2857142857142857,25,True,True,True,v3_sequence_anchored_geo_distance
USA940,2020-06-19,2020,False,Peaceful protest,0,0,-1.3044518496372932,2.7720094101492703,4.076461259786564,6.848470669935838,22.91600076522594,1.2994656358649015,780.16,2.104,0.6153846153846154,25,True,True,True,v3_sequence_anchored_geo_distance
USA11385,2020-08-26,2020,False,Violent demonstration,1,0,-1.7233266350568228,2.7153220670604687,4.438648702117292,7.153970769177763,21.6731728491915,1.7125093658928696,1065.0454545454545,-0.1536363636363638,0.6666666666666666,22,True,True,True,v3_sequence_anchored_geo_distance
USA6540,2020-06-02,2020,False,Violent demonstration,1,0,,,,,,,,,1.0,0,False,False,True,v3_sequence_anchored_geo_distance
USA67,2020-06-14,2020,False,Peaceful protest,0,0,-3.3301290300159154,2.3599656178416395,5.6900946478575545,8.050060265699198,22.37029780985737,0.5835459338333169,1599.8,2.952,0.6111111111111112,25,True,True,True,v3_sequence_anchored_geo_distance
USA997,2020-06-19,2020,False,Peaceful protest,0,0,0.0,1.71945701357466,1.71945701357466,3.43891402714932,16.289592760181,0.361990950226244,773.0,,,1,False,True,True,v3_sequence_anchored_geo_distance
USA670,2020-06-20,2020,False,Peaceful protest,0,0,,,,,,,,,,0,False,False,False,v3_sequence_anchored_geo_distance
USA522,2020-06-20,2020,False,Peaceful protest,0,0,,,,,,,,,,0,False,False,False,v3_sequence_anchored_geo_distance
USA10390,2020-05-31,2020,False,Violent demonstration,1,0,-3.468299930085601,1.748829593072494,5.2171295231580945,6.9659591162305885,22.0432813430284,1.0085992030694162,1862.9583333333333,3.088,0.23076923076923078,24,False,True,True,v3_sequence_anchored_geo_distance
USA6465,2020-06-02,2020,True,Violent demonstration,1,0,,,,,,,,,,0,False,False,False,v3_sequence_anchored_geo_distance
USA524,2020-06-14,2020,False,Peaceful protest,0,0,,,,,,,,,,0,False,False,False,v3_sequence_anchored_geo_distance
USA6625,2020-06-02,2020,True,Violent demonstration,1,0,-2.46340678468334,1.9214013646291401,4.38480814931249,6.30620951394163,24.82623251286825,0.6646042202637815,981.0,1.192,0.6666666666666666,2,False,True,True,v3_sequence_anchored_geo_distance
USA4697,2020-05-29,2020,False,Violent demonstration,1,0,-4.577107580406417,1.8717106268742398,6.448818207280656,8.32052883415489,23.258293508210144,1.0838270689812692,720.08,2.412,0.6521739130434783,25,True,True,True,v3_sequence_anchored_geo_distance
USA4905,2020-05-30,2020,False,Violent demonstration,1,0,-4.926221673221703,1.0625611673264992,5.988782840548201,7.05134400787471,23.7160324661767,0.806173500257906,579.6666666666666,1.2478260869565216,0.8260869565217391,12,False,True,True,v3_sequence_anchored_geo_distance
USA5967,2020-06-01,2020,True,Violent demonstration,1,0,0.1014103619014648,3.98062737285811,3.879217010956651,7.85984438381476,20.23443477256655,0.2793296089385475,342.0,-0.8066666666666666,0.45454545454545453,2,False,True,True,v3_sequence_anchored_geo_distance
USA946,2020-06-16,2020,False,Peaceful protest,0,0,-5.486113123819987,1.713465549507485,7.199578673327464,8.91304422283495,22.87175775089779,1.6002445122388502,1263.3333333333333,1.4500000000000002,,9,False,True,True,v3_sequence_anchored_geo_distance
USA56422,2023-05-29,2023,False,Violent demonstration,1,0,,,,,,,,,,0,False,False,False,v3_sequence_anchored_geo_distance
USA56421,2023-05-29,2023,False,Violent demonstration,1,0,,,,,,,,,,0,False,False,False,v3_sequence_anchored_geo_distance
USA54429,2023-04-01,2023,False,Violent demonstration,1,0,,,,,,,,2.5666666666666664,,0,True,False,True,v3_sequence_anchored_geo_distance
USA22052,2021-01-22,2021,False,Peaceful protest,0,0,-2.47704004817826,1.565981632038545,4.0430216802168,5.609003312255345,23.8866681722373,0.7559470039144836,3198.0,7.1,1.0,2,False,True,True,v3_sequence_anchored_geo_distance
USA22044,2021-01-22,2021,False,Peaceful protest,0,0,-2.819705946418732,2.379604364712793,5.199310311131528,7.5789146758443176,21.893993310952894,1.048660559131671,1354.52,-0.5520000000000002,0.07142857142857142,25,True,True,True,v3_sequence_anchored_geo_distance
USA20088,2021-01-04,2021,False,Peaceful protest,0,0,-4.770850029929792,1.8091199132541325,6.579969943183923,8.389089856438048,23.1432938813069,0.5976335661433071,1120.32,1.2360000000000002,0.5454545454545454,25,True,True,True,v3_sequence_anchored_geo_distance
USA22147,2021-01-23,2021,True,Peaceful protest,0,0,,,,,,,,,,0,False,False,False,v3_sequence_anchored_geo_distance
USA45045,2022-06-24,2022,False,Violent demonstration,1,0,,,,,,,,,,0,True,False,False,v3_sequence_anchored_geo_distance
USA20090,2021-01-04,2021,True,Peaceful protest,0,0,-4.756390178590833,2.058401584181783,6.8147917627726144,8.873193346954398,20.855341009160266,0.05641642306399517,1805.6,1.7760000000000002,0.7058823529411765,25,True,True,True,v3_sequence_anchored_geo_distance
USA20273,2021-01-07,2021,True,Peaceful protest,0,0,-6.243657603391333,1.436984603268375,7.680642206659708,9.117626809928089,19.945863086380747,0.3455834443154138,706.6428571428571,-2.3725296442687744,0.4666666666666667,14,True,True,True,v3_sequence_anchored_geo_distance
USA20212,2021-01-06,2021,False,Peaceful protest,0,0,,,,,,,,,,0,False,False,False,v3_sequence_anchored_geo_distance
USA21978,2021-01-20,2021,False,Peaceful protest,0,0,,,,,,,,1.3425,0.3,0,False,False,True,v3_sequence_anchored_geo_distance
USA21250,2021-01-13,2021,False,Peaceful protest,0,0,-2.352863949716143,2.8067949107866985,5.159658860502843,7.96645377128954,19.861577453365776,0.994667477696675,435.125,0.9714285714285715,0.0,8,False,True,True,v3_sequence_anchored_geo_distance
USA21811,2021-01-16,2021,False,Peaceful protest,0,0,-3.603454274238223,1.7245419893116716,5.327996263549895,7.052538252861564,21.52595313391277,0.5901215623095363,2046.72,-0.7679999999999999,0.8666666666666667,25,True,True,True,v3_sequence_anchored_geo_distance
USA22068,2021-01-22,2021,False,Peaceful protest,0,0,-2.053303857560364,2.460398532803953,4.513702390364317,6.97410092316827,21.63032347636666,1.5869141832604001,799.1428571428571,0.29166666666666674,0.5,7,False,True,True,v3_sequence_anchored_geo_distance
USA21918,2021-01-18,2021,True,Peaceful protest,0,0,-1.2125155733270738,3.1327516454031623,4.3452672187302355,7.4780188641334,21.576018743244152,1.094402150675472,769.24,0.3279999999999999,0.9090909090909091,25,True,True,True,v3_sequence_anchored_geo_distance
USA21154,2021-01-11,2021,False,Peaceful protest,0,0,,,,,,,,,,0,False,False,True,v3_sequence_anchored_geo_distance
USA35873,2021-10-16,2021,False,Violent demonstration,1,0,0.09627388003707464,3.842039954486319,3.7457660744492443,7.587806028935559,22.755689474771316,0.6016137751488261,1357.8333333333333,1.084,0.7391304347826086,24,True,True,True,v3_sequence_anchored_geo_distance
USA21299,2021-01-15,2021,False,Peaceful protest,0,0,-1.208189100381464,1.9242622017765127,3.1324513021579743,5.0567135039344855,22.8196922093619,1.2837507585947756,2018.3333333333333,-3.911538461538461,0.75,12,False,True,True,v3_sequence_anchored_geo_distance
USA48116,2021-11-21,2021,False,Mob violence,1,0,,,,,,,,0.18999999999999995,,0,False,False,True,v3_sequence_anchored_geo_distance
USA21132,2021-01-10,2021,False,Peaceful protest,0,0,-4.312872452645618,1.6797326991306882,5.992605151776306,7.672337850906995,21.93543664973386,0.48391920836813523,512.76,0.15999999999999992,0.21052631578947367,25,True,True,True,v3_sequence_anchored_geo_distance
USA21797,2021-01-16,2021,True,Peaceful protest,0,0,-5.6667908356560055,1.7075662270691816,7.374357062725186,9.081923289794359,21.899122423225318,0.9575311091108385,913.44,-0.592,0.7857142857142857,25,True,True,True,v3_sequence_anchored_geo_distance
USA22021,2021-01-21,2021,True,Peaceful protest,0,0,-6.3274883601718726,1.6176936350366833,7.945181995208555,9.562875630245243,21.417522588409103,0.5891365726915321,1091.2,0.8090909090909091,0.3684210526315789,25,True,True,True,v3_sequence_anchored_geo_distance
USA20164,2021-01-06,2021,True,Violent demonstration,1,0,-2.8646951696674834,2.86670974982008,5.731404919487565,8.598114669307646,25.992534672033425,0.47692012970626907,1004.4,-1.0826086956521739,0.6923076923076923,25,True,True,True,v3_sequence_anchored_geo_distance
USA20064,2021-01-03,2021,False,Peaceful protest,0,0,,,,,,,,,,0,False,False,False,v3_sequence_anchored_geo_distance
USA42637,2022-04-23,2022,False,Mob violence,1,0,0.566339303498847,2.655841927235235,2.089502623736385,4.745344550971615,22.90518585832925,1.3933971921171675,3211.0,3.1333333333333337,0.0,2,False,True,True,v3_sequence_anchored_geo_distance
USA20195,2021-01-06,2021,False,Violent demonstration,1,0,-6.660334340682486,0.5971936823838061,7.257528023066294,7.854721705450102,23.410685442664107,0.5813486898606488,354.96,-2.1799999999999997,0.7368421052631579,25,True,True,True,v3_sequence_anchored_geo_distance
USA38671,2022-01-22,2022,False,Mob violence,1,0,-0.5807700228598887,3.0762167088637007,3.6569867317235905,6.73320344058729,21.237970825175044,0.9557031240385299,1443.88,2.816,0.25,25,True,True,True,v3_sequence_anchored_geo_distance
USA57302,2023-06-12,2023,False,Mob violence,1,0,,,,,,,,,,0,False,False,False,v3_sequence_anchored_geo_distance
USA21213,2021-01-12,2021,False,Peaceful protest,0,0,-2.3606052725117004,2.4974087787163457,4.8580140512280465,7.355422829944396,20.055303249172873,0.9386513235982658,1406.0,-0.43999999999999995,,7,False,True,True,v3_sequence_anchored_geo_distance
USA33390,2021-07-09,2021,False,Mob violence,1,0,1.0522609209843852,3.49625288992247,2.443991968938085,5.940244858860559,20.852244804381897,0.4361981161734645,2019.5,2.1359683794466404,0.6,2,False,True,True,v3_sequence_anchored_geo_distance
USA21103,2021-01-09,2021,False,Peaceful protest,0,0,-0.6780099910958878,2.5262494442736503,3.2042594353695364,5.730508879643186,19.277065351663598,1.1814956889565866,785.6666666666666,,,3,False,True,True,v3_sequence_anchored_geo_distance
USA33274,2021-08-31,2021,False,Violent demonstration,1,0,-0.8085512971018058,2.6705354710412768,3.4790867681430853,6.149622239184361,22.376004248827094,0.6766695619068848,735.9333333333333,,,15,False,True,False,v3_sequence_anchored_geo_distance
USA56992,2023-06-10,2023,False,Mob violence,1,0,,,,,,,,,,0,False,False,False,v3_sequence_anchored_geo_distance
USA41621,2022-04-11,2022,False,Mob violence,1,0,,,,,,,,-2.333333333333333,,0,False,False,True,v3_sequence_anchored_geo_distance
USA21279,2021-01-14,2021,False,Peaceful protest,0,0,,,,,,,,,,0,False,False,True,v3_sequence_anchored_geo_distance
USA51662,2023-01-25,2023,False,Mob violence,1,0,-1.614859915766345,1.075810291155467,2.6906702069218102,3.766480498077275,17.551730452298102,0.7759567844717069,460.5,-1.8125,0.625,2,False,True,True,v3_sequence_anchored_geo_distance
USA22056,2021-01-22,2021,False,Peaceful protest,0,0,,,,,,,,,,0,False,False,False,v3_sequence_anchored_geo_distance
USA20126,2021-01-05,2021,False,Peaceful protest,0,0,,,,,,,,,,0,False,False,False,v3_sequence_anchored_geo_distance
USA21791,2021-01-16,2021,False,Peaceful protest,0,0,,,,,,,,3.3166666666666664,1.0,0,True,False,True,v3_sequence_anchored_geo_distance
USA21975,2021-01-20,2021,False,Peaceful protest,0,0,,,,,,,,2.5500000000000003,,0,False,False,True,v3_sequence_anchored_geo_distance
USA21940,2021-01-18,2021,False,Peaceful protest,0,0,,,,,,,,,,0,False,False,False,v3_sequence_anchored_geo_distance
USA21788,2021-01-16,2021,True,Peaceful protest,0,0,,,,,,,,,,0,False,False,False,v3_sequence_anchored_geo_distance
USA20296,2021-01-07,2021,True,Peaceful protest,0,0,,,,,,,,,,0,True,False,False,v3_sequence_anchored_geo_distance
USA51899,2023-01-21,2023,False,Violent demonstration,1,0,-0.7805412882715156,3.2694035118786484,4.049944800150163,7.319348312028815,23.333634303037492,1.054331110171889,1022.8,-2.5439999999999996,0.6666666666666666,25,True,True,True,v3_sequence_anchored_geo_distance
USA22130,2021-01-25,2021,False,Peaceful protest,0,0,,,,,,,,-0.4500000000000002,,0,True,False,True,v3_sequence_anchored_geo_distance
USA46887,2022-08-07,2022,False,Mob violence,1,0,,,,,,,,,,0,False,False,False,v3_sequence_anchored_geo_distance
USA21114,2021-01-10,2021,False,Peaceful protest,0,0,,,,,,,,,,0,False,False,False,v3_sequence_anchored_geo_distance
USA22151,2021-01-27,2021,True,Peaceful protest,0,0,-7.44580584354383,0.471253534401508,7.91705937794533,8.38831291234684,21.1121583411876,0.942507068803016,983.0,0.5571428571428572,,2,True,True,True,v3_sequence_anchored_geo_distance
USA22041,2021-01-22,2021,False,Peaceful protest,0,0,-1.8539657799633806,2.189922711781909,4.043888491745289,6.233811203527199,22.254804054018532,0.9229535717213138,773.96,3.568,0.5,25,True,True,True,v3_sequence_anchored_geo_distance
USA21072,2021-01-09,2021,True,Peaceful protest,0,0,,,,,,,,,,0,False,False,False,v3_sequence_anchored_geo_distance
USA21988,2021-01-20,2021,False,Peaceful protest,0,0,1.74621653084983,2.79394644935972,1.0477299185099,3.84167636786962,26.0768335273574,1.28055878928987,771.0,0.20111111111111102,,1,False,True,True,v3_sequence_anchored_geo_distance
USA21944,2021-01-19,2021,False,Peaceful protest,0,0,,,,,,,,,,0,False,False,False,v3_sequence_anchored_geo_distance
USA38501,2022-01-21,2022,False,Mob violence,1,0,-0.5992004828336469,2.714721423163544,3.313921905997188,6.028643329160732,20.571160351047567,0.0,690.32,0.6640000000000001,0.65,25,True,True,True,v3_sequence_anchored_geo_distance
USA20086,2021-01-04,2021,False,Peaceful protest,0,0,-5.606557135675466,1.4142856655339104,7.020842801209377,8.43512846674329,19.160918875093376,0.4398975515220564,474.4,-0.6040000000000003,0.125,25,True,True,True,v3_sequence_anchored_geo_distance
USA34974,2021-09-19,2021,False,Violent demonstration,1,0,,,,,,,,,,0,False,False,True,v3_sequence_anchored_geo_distance
USA21234,2021-01-13,2021,True,Peaceful protest,0,0,-1.2100240841726975,2.364007312234133,3.5740313964068267,5.938038708640963,19.768957802892267,1.4391031733525192,863.0,0.8782608695652174,0.5,3,False,True,True,v3_sequence_anchored_geo_distance
USA20135,2021-01-05,2021,False,Excessive force against protesters,1,0,,,,,,,,2.7,0.0,0,False,False,True,v3_sequence_anchored_geo_distance
USA21074,2021-01-09,2021,False,Peaceful protest,0,0,,,,,,,,,,0,False,False,False,v3_sequence_anchored_geo_distance
USA20239,2021-01-06,2021,True,Violent demonstration,1,0,,,,,,,,,,0,False,False,True,v3_sequence_anchored_geo_distance
USA21796,2021-01-16,2021,False,Peaceful protest,0,0,,,,,,,,,,0,False,False,False,v3_sequence_anchored_geo_distance
USA20124,2021-01-05,2021,False,Peaceful protest,0,0,,,,,,,,,,0,False,False,True,v3_sequence_anchored_geo_distance
USA20083,2021-01-04,2021,False,Peaceful protest,0,0,,,,,,,,,,0,False,False,False,v3_sequence_anchored_geo_distance
USA20079,2021-01-04,2021,False,Peaceful protest,0,0,,,,,,,,,,0,False,False,False,v3_sequence_anchored_geo_distance
USA20123,2021-01-05,2021,False,Peaceful protest,0,0,,,,,,,,,,0,False,False,False,v3_sequence_anchored_geo_distance
USA58258,2023-07-24,2023,False,Mob violence,1,0,,,,,,,,-0.2727272727272725,1.0,0,False,False,True,v3_sequence_anchored_geo_distance
USA36760,2021-10-29,2021,False,Mob violence,1,0,,,,,,,,,,0,False,False,False,v3_sequence_anchored_geo_distance
USA33480,2021-07-31,2021,False,Violent demonstration,1,0,,,,,,,,,,0,False,False,False,v3_sequence_anchored_geo_distance
USA20118,2021-01-05,2021,False,Peaceful protest,0,0,-3.5410191060527096,3.0474705938436766,6.588489699896384,9.635960293740064,24.92509585642272,0.5730277856208665,841.48,1.3320000000000003,0.6190476190476191,25,True,True,True,v3_sequence_anchored_geo_distance
USA36703,2021-11-03,2021,False,Mob violence,1,0,,,,,,,,,0.0,0,False,False,True,v3_sequence_anchored_geo_distance
USA30290,2021-05-15,2021,False,Violent demonstration,1,0,-1.2285160977971434,2.457032195594287,3.685548293391427,6.142580488985719,24.40631808278867,0.3685548293391427,751.0,,,3,False,True,True,v3_sequence_anchored_geo_distance
USA60059,2023-09-25,2023,False,Violent demonstration,1,0,,,,,,,,,,0,False,False,False,v3_sequence_anchored_geo_distance
USA41198,2022-04-01,2022,False,Mob violence,1,0,,,,,,,,,,0,False,False,False,v3_sequence_anchored_geo_distance
USA30699,2021-06-03,2021,False,Violent demonstration,1,0,-5.013953422861394,1.9572990859226322,6.971252508784026,8.928551594706652,23.06522325132379,0.9386067043886244,1307.56,3.24,0.52,25,True,True,True,v3_sequence_anchored_geo_distance
USA46614,2022-07-31,2022,False,Mob violence,1,0,,,,,,,,,,0,False,False,False,v3_sequence_anchored_geo_distance
USA38633,2022-01-29,2022,False,Violent demonstration,1,0,-1.5974867376746922,2.830999286174526,4.428486023849218,7.259485310023743,21.1208141950467,0.6420263589072522,899.04,1.7080000000000002,0.5,25,True,True,True,v3_sequence_anchored_geo_distance
USA22022,2021-01-21,2021,False,Peaceful protest,0,0,-4.6355932203389845,1.432826520438685,6.06841974077767,7.501246261216355,21.4872881355932,0.8904536390827525,1290.5,6.412121212121213,0.875,2,False,True,True,v3_sequence_anchored_geo_distance
USA21890,2021-01-18,2021,False,Peaceful protest,0,0,-2.52273500129626,1.4224316434855502,3.945166644781805,5.36759828826736,27.6134729924009,0.3663188657582765,983.0,0.0,,2,False,True,True,v3_sequence_anchored_geo_distance
USA21906,2021-01-18,2021,False,Peaceful protest,0,0,,,,,,,,,,0,False,False,False,v3_sequence_anchored_geo_distance
USA46678,2022-07-30,2022,False,Mob violence,1,0,,,,,,,,,,0,False,False,False,v3_sequence_anchored_geo_distance
USA20260,2021-01-07,2021,False,Peaceful protest,0,0,,,,,,,,,,0,False,False,False,v3_sequence_anchored_geo_distance
USA20052,2021-01-03,2021,False,Peaceful protest,0,0,,,,,,,,,,0,False,False,False,v3_sequence_anchored_geo_distance
USA33273,2021-08-26,2021,False,Violent demonstration,1,0,1.17891816920943,3.95284327323162,2.77392510402219,6.72676837725381,22.5381414701803,1.04022191400832,1341.0,-0.8878787878787879,0.0,1,False,True,True,v3_sequence_anchored_geo_distance
USA27400,2021-03-27,2021,False,Violent demonstration,1,0,,,,,,,,,,0,False,False,False,v3_sequence_anchored_geo_distance
USA21207,2021-01-12,2021,False,Peaceful protest,0,0,,,,,,,,,,0,True,False,False,v3_sequence_anchored_geo_distance
USA21228,2021-01-13,2021,False,Peaceful protest,0,0,,,,,,,,,,0,True,False,False,v3_sequence_anchored_geo_distance
USA20009,2021-01-01,2021,True,Peaceful protest,0,0,-4.476518054104259,1.99988389643562,6.476401950539881,8.4762858469755,23.4286108208522,0.5079530941599905,1452.5,0.26923076923076916,0.0,2,False,True,True,v3_sequence_anchored_geo_distance
USA21181,2021-01-11,2021,False,Peaceful protest,0,0,-1.4966992234789114,2.4516815159176635,3.9483807393965704,6.400062255314235,23.23224439741105,1.2020286396432016,1149.6666666666667,-0.4999999999999998,0.0,6,False,True,True,v3_sequence_anchored_geo_distance
USA31654,2021-06-23,2021,False,Violent demonstration,1,0,,,,,,,,0.0,,0,False,False,True,v3_sequence_anchored_geo_distance
USA32206,2021-07-09,2021,False,Mob violence,1,0,,,,,,,,,,0,False,False,False,v3_sequence_anchored_geo_distance
USA52860,2023-02-20,2023,False,Violent demonstration,1,0,,,,,,,,-0.40000000000000013,1.0,0,True,False,True,v3_sequence_anchored_geo_distance
USA20060,2021-01-03,2021,False,Peaceful protest,0,0,-5.18899535128079,1.1604935958793208,6.34948894716011,7.509982543039432,21.236354357352894,0.00463499420625724,724.44,-0.4359999999999997,0.8,25,True,True,True,v3_sequence_anchored_geo_distance
USA31823,2021-06-18,2021,False,Violent demonstration,1,0,-1.006956182236852,2.921408487048716,3.9283646692855676,6.849773156334282,22.32253991095135,1.1325493997798053,1292.8,-2.7760000000000002,0.6,25,True,True,True,v3_sequence_anchored_geo_distance
USA20127,2021-01-05,2021,True,Peaceful protest,0,0,-9.638239904311789,1.1736448068611967,10.811884711172986,11.985529518034173,21.809929739603863,0.6177682979902529,899.48,-0.8120000000000003,0.71875,25,True,True,True,v3_sequence_anchored_geo_distance
USA40885,2022-03-23,2022,False,Violent demonstration,1,0,,,,,,,,,,0,False,False,False,v3_sequence_anchored_geo_distance
USA21031,2021-01-06,2021,False,Peaceful protest,0,0,,,,,,,,,,0,True,False,False,v3_sequence_anchored_geo_distance
USA20050,2021-01-03,2021,False,Peaceful protest,0,0,-4.756390178590833,2.058401584181783,6.8147917627726144,8.873193346954398,20.855341009160266,0.05641642306399517,1805.6,2.7880000000000003,0.7777777777777778,25,True,True,True,v3_sequence_anchored_geo_distance
USA21225,2021-01-13,2021,False,Peaceful protest,0,0,-2.309049867569993,2.797552146829905,5.106602014399899,7.904154161229803,23.037347480076516,0.8532572187331817,1836.16,-2.332,0.5,25,True,True,True,v3_sequence_anchored_geo_distance
USA21073,2021-01-09,2021,False,Peaceful protest,0,0,,,,,,,,,,0,False,False,False,v3_sequence_anchored_geo_distance
USA55494,2023-04-05,2023,False,Violent demonstration,1,0,-1.5895558302982946,2.9759575847677757,4.5655134150660714,7.541470999833849,22.664514155157107,0.8361547524713799,1608.4,-0.1399999999999999,0.7272727272727273,25,True,True,True,v3_sequence_anchored_geo_distance
USA32055,2021-07-05,2021,False,Violent demonstration,1,0,-7.1213630873480795,1.0931989746989867,8.214562062047063,9.307761036746077,23.946709357051066,0.31328320802005,557.0,-4.3,0.4,3,False,True,True,v3_sequence_anchored_geo_distance
USA20012,2021-01-02,2021,False,Peaceful protest,0,0,-3.352697170622242,1.6562220708798316,5.008919241502074,6.665141312381906,20.38857450280102,0.19031098644460165,1689.0,0.6720000000000002,0.7,25,True,True,True,v3_sequence_anchored_geo_distance
USA20078,2021-01-04,2021,False,Peaceful protest,0,0,,,,,,,,,,0,False,False,True,v3_sequence_anchored_geo_distance
USA21894,2021-01-18,2021,False,Peaceful protest,0,0,,,,,,,,,,0,False,False,False,v3_sequence_anchored_geo_distance
USA28214,2021-04-16,2021,False,Violent demonstration,1,0,,,,,,,,1.0355555555555556,0.5,0,False,False,True,v3_sequence_anchored_geo_distance
USA22093,2021-01-27,2021,False,Peaceful protest,0,0,-2.6965683009702737,2.6512331020773225,5.347801403047597,7.999034505124918,20.51703000373745,1.4444216913871153,828.4705882352941,-10.399999999999999,1.0,17,False,True,True,v3_sequence_anchored_geo_distance
USA42385,2022-05-01,2022,False,Mob violence,1,0,,,,,,,,0.20000000000000018,,0,False,False,True,v3_sequence_anchored_geo_distance
USA21272,2021-01-14,2021,False,Peaceful protest,0,0,,,,,,,,8.0,0.6666666666666666,0,False,False,True,v3_sequence_anchored_geo_distance
USA21789,2021-01-16,2021,False,Peaceful protest,0,0,,,,,,,,,,0,False,False,False,v3_sequence_anchored_geo_distance
USA21294,2021-01-15,2021,False,Peaceful protest,0,0,-4.064960488755297,1.6515877049594943,5.716548193714791,7.368135898674294,22.394255200498556,1.0975371689438644,631.9047619047619,1.0079710144927536,0.3333333333333333,21,True,True,True,v3_sequence_anchored_geo_distance
USA26553,2021-03-13,2021,False,Violent demonstration,1,0,,,,,,,,,,0,False,False,False,v3_sequence_anchored_geo_distance
USA22057,2021-01-22,2021,False,Peaceful protest,0,0,-2.0079360952870084,1.660496138575753,3.668432233862761,5.328928372438513,23.415708202014795,2.2951314177180073,3194.16,-1.348,0.7,25,True,True,True,v3_sequence_anchored_geo_distance
USA21130,2021-01-10,2021,False,Violent demonstration,1,0,,,,,,,,,,0,False,False,False,v3_sequence_anchored_geo_distance
USA21942,2021-01-19,2021,False,Peaceful protest,0,0,,,,,,,,-0.5166666666666666,0.3333333333333333,0,False,False,True,v3_sequence_anchored_geo_distance
USA21086,2021-01-09,2021,False,Peaceful protest,0,0,,,,,,,,,,0,False,False,False,v3_sequence_anchored_geo_distance
USA20324,2021-01-08,2021,False,Peaceful protest,0,0,-2.19588833989175,3.3477010931526574,5.543589433044408,8.891290526197071,22.737781325868532,2.2059226365347926,1051.857142857143,-1.5759999999999998,0.5652173913043478,14,False,True,True,v3_sequence_anchored_geo_distance
USA22064,2021-01-22,2021,True,Peaceful protest,0,0,-0.11284888377633506,3.209944453632995,3.322793337409335,6.532737791042335,20.9471965716983,0.875008594912929,970.5,-0.13142857142857145,0.4,2,False,True,True,v3_sequence_anchored_geo_distance
USA40567,2022-03-16,2022,False,Violent demonstration,1,0,-2.8457705377698717,1.691326707232188,4.5370972450020615,6.22842395223425,22.66574520126806,1.2521867612523792,629.2173913043479,-0.8400000000000001,0.36363636363636365,23,True,True,True,v3_sequence_anchored_geo_distance
USA20298,2021-01-07,2021,True,Peaceful protest,0,0,,,,,,,,0.0,0.0,0,False,False,True,v3_sequence_anchored_geo_distance
USA56396,2023-05-20,2023,False,Violent demonstration,1,0,,,,,,,,,,0,False,False,False,v3_sequence_anchored_geo_distance
USA21837,2021-01-17,2021,True,Peaceful protest,0,0,,,,,,,,,,0,False,False,False,v3_sequence_anchored_geo_distance
USA21236,2021-01-13,2021,False,Peaceful protest,0,0,-3.6291522378140373,2.3175868231644436,5.946739060978481,8.264325884142929,22.2554884397529,1.2550478297270657,835.28,-3.279523809523809,0.8888888888888888,25,True,True,True,v3_sequence_anchored_geo_distance
USA20038,2021-01-02,2021,True,Peaceful protest,0,0,-1.7426779857348966,2.0583713541627082,3.8010493398976037,5.8594206940603115,21.77632814839103,0.3962258197040496,550.84,-0.832,0.5,25,True,True,True,v3_sequence_anchored_geo_distance
USA45700,2022-06-24,2022,False,Mob violence,1,1,-3.4236126590680995,2.1434074145144764,5.567020073582577,7.710427488097054,23.44991134928466,1.0516618466419612,769.64,1.3159999999999998,0.631578947368421,25,True,True,True,v3_sequence_anchored_geo_distance
USA21192,2021-01-12,2021,False,Peaceful protest,0,0,,,,,,,,,,0,True,False,False,v3_sequence_anchored_geo_distance
USA37987,2022-01-06,2022,False,Peaceful protest,0,0,,,,,,,,,,0,False,False,False,v3_sequence_anchored_geo_distance
USA38035,2022-01-13,2022,False,Peaceful protest,0,0,-5.582478836417582,1.5262888442834899,7.108767680701073,8.635056524984563,19.653517256816915,0.4468661457579233,1242.96,2.6777777777777776,0.0,25,True,True,True,v3_sequence_anchored_geo_distance
USA38265,2022-01-15,2022,False,Peaceful protest,0,0,,,,,,,,-0.5719999999999998,0.8823529411764706,0,False,False,True,v3_sequence_anchored_geo_distance
USA38267,2022-01-16,2022,False,Peaceful protest,0,0,,,,,,,,,,0,False,False,False,v3_sequence_anchored_geo_distance
USA38318,2022-01-19,2022,False,Peaceful protest,0,0,-0.1753165230468319,2.7324503459104097,2.9077668689572413,5.640217214867651,21.889261642758783,0.7365270136393511,978.6111111111111,1.992,0.8461538461538461,18,False,True,True,v3_sequence_anchored_geo_distance
USA38266,2022-01-16,2022,False,Peaceful protest,0,0,-3.207621194429693,2.1550905542262404,5.362711748655933,7.517802302882177,22.909496743187905,1.3715819290031714,1155.12,0.8360000000000001,0.3333333333333333,25,True,True,True,v3_sequence_anchored_geo_distance
USA37833,2022-01-06,2022,False,Peaceful protest,0,0,,,,,,,,,,0,False,False,False,v3_sequence_anchored_geo_distance
USA38372,2022-01-15,2022,False,Peaceful protest,0,0,-6.148734860345076,1.839582256229647,7.9883171165747235,9.827899372804373,21.91799663157485,0.7789992530485987,2164.6,1.164,0.6666666666666666,25,True,True,True,v3_sequence_anchored_geo_distance
USA38037,2022-01-10,2022,False,Peaceful protest,0,0,-4.576551350927155,1.8243039583278067,6.400855309254962,8.225159267582766,25.080240240507177,0.3579500732732543,1347.28,-1.024,0.6666666666666666,25,True,True,True,v3_sequence_anchored_geo_distance
USA38325,2022-01-15,2022,False,Peaceful protest,0,0,,,,,,,,-1.1822222222222227,1.0,0,False,False,True,v3_sequence_anchored_geo_distance
USA51707,2023-01-24,2023,False,Peaceful protest,0,0,,,,,,,,,,0,False,False,False,v3_sequence_anchored_geo_distance
USA51247,2023-01-08,2023,False,Peaceful protest,0,0,-2.1686148202203834,2.6744442659256076,4.843059086145993,7.517503352071597,21.979266870961748,0.796189570420865,1354.68,-5.3,0.8235294117647058,25,True,True,True,v3_sequence_anchored_geo_distance
USA51493,2023-01-18,2023,False,Peaceful protest,0,0,3.72309482257126,5.11925538103549,1.39616055846422,6.51541593949971,24.0837696335079,1.51250727166958,1561.0,0.8,,1,False,True,True,v3_sequence_anchored_geo_distance
USA51392,2023-01-17,2023,False,Peaceful protest,0,0,-2.7711750326654365,1.7117199641606813,4.482894996826116,6.194614960986798,22.918657428882316,0.8423877951861581,721.5833333333334,0.444,0.5,12,False,True,True,v3_sequence_anchored_geo_distance
USA51708,2023-01-24,2023,False,Peaceful protest,0,0,-2.502750049979374,1.5859068401039274,4.0886568900833,5.674563730187227,23.693135538339973,1.3451325680870863,857.75,2.828,0.5333333333333333,12,False,True,True,v3_sequence_anchored_geo_distance
USA50590,2023-01-03,2023,False,Peaceful protest,0,0,,,,,,,,,,0,False,False,False,v3_sequence_anchored_geo_distance
USA51454,2023-01-17,2023,False,Peaceful protest,0,0,,,,,,,,,,0,False,False,False,v3_sequence_anchored_geo_distance
USA51432,2023-01-18,2023,False,Peaceful protest,0,0,-3.5963824614522952,2.81170474423966,6.408087205691951,9.219791949931604,24.814110551458498,0.758321393927341,3235.5,-0.5111111111111115,0.8888888888888888,2,False,True,True,v3_sequence_anchored_geo_distance
USA51472,2023-01-16,2023,False,Peaceful protest,0,0,-2.21327967806841,2.11267605633803,4.32595573440644,6.43863179074447,20.2213279678068,0.905432595573441,929.0,3.242857142857143,0.0,1,False,True,True,v3_sequence_anchored_geo_distance
USA51169,2023-01-07,2023,False,Peaceful protest,0,0,,,,,,,,,,0,False,False,False,v3_sequence_anchored_geo_distance
USA64619,2024-01-17,2024,False,Peaceful protest,0,0,-2.043375461094334,2.5005665329095423,4.543941994003874,7.04450852691342,21.909853597570653,0.483956767464126,1038.4782608695652,-0.46399999999999997,0.8,23,False,True,True,v3_sequence_anchored_geo_distance
USA64524,2024-01-18,2024,False,Peaceful protest,0,0,-3.0659939071032225,2.780845960349667,5.846839867452892,8.627685827802562,21.347046225962426,0.3893359787601723,755.0,0.8028571428571428,0.2222222222222222,25,True,True,True,v3_sequence_anchored_geo_distance
USA64612,2024-01-18,2024,False,Peaceful protest,0,0,,,,,,,,,,0,True,False,False,v3_sequence_anchored_geo_distance
USA64526,2024-01-06,2024,False,Peaceful protest,0,0,-0.8634363666262981,3.4596334366166435,4.323069803242941,7.782703239859586,20.891052220100207,0.6366436108104193,1407.36,-0.268,0.5,25,True,True,True,v3_sequence_anchored_geo_distance
USA64477,2024-01-12,2024,False,Peaceful protest,0,0,,,,,,,,,1.0,0,True,False,True,v3_sequence_anchored_geo_distance
USA64546,2024-01-18,2024,False,Peaceful protest,0,0,,,,,,,,,,0,False,False,False,v3_sequence_anchored_geo_distance
USA64493,2024-01-08,2024,False,Peaceful protest,0,0,1.6922269406195374,4.746527747271694,3.0543008066521575,7.800828553923855,21.528114890152636,0.5896265436195612,585.2,0.31199999999999983,0.5454545454545454,25,True,True,True,v3_sequence_anchored_geo_distance
USA64360,2024-01-09,2024,False,Peaceful protest,0,0,,,,,,,,,1.0,0,False,False,True,v3_sequence_anchored_geo_distance
USA64463,2024-01-11,2024,False,Peaceful protest,0,0,-2.7792304092447506,2.678375226579346,5.457605635824096,8.13598086240344,22.132724678988893,0.7844174624688397,2508.6153846153848,1.3199999999999998,0.7777777777777778,13,False,True,True,v3_sequence_anchored_geo_distance
USA64386,2024-01-11,2024,False,Peaceful protest,0,0,,,,,,,,,,0,False,False,False,v3_sequence_anchored_geo_distance
